5cd99d4bde30eff6ebccfbe6;https://static.wikia.nocookie.net/lotr/images/0/09/Aragorn_3.jpg
5cd99d4bde30eff6ebccfd0d;https://static.wikia.nocookie.net/lotr/images/2/20/Sam.jpg
5cd99d4bde30eff6ebccfc15;https://static.wikia.nocookie.net/lotr/images/3/32/Frodo_%28FotR%29.png/
5cd99d4bde30eff6ebccfea0;https://static.wikia.nocookie.net/lotr/images/e/e7/Gandalf_the_Grey.jpg/
5cd99d4bde30eff6ebccfea4;https://static.wikia.nocookie.net/lotr/images/0/0c/Christopher_Lee_as_Saruman.jpg
5cd99d4bde30eff6ebccfd06;https://static.wikia.nocookie.net/lotr/images/c/cb/Galadriel.jpg/
5cd99d4bde30eff6ebccfc38;https://static.wikia.nocookie.net/lotr/images/b/b6/The_Hobbit_wallpaper_48.jpg
5cd99d4bde30eff6ebccfea5;https://static.wikia.nocookie.net/lotr/images/9/90/Sauron-2.jpg/
5cdbdecb6dc0baeae48cfa8e;https://static.wikia.nocookie.net/lotr/images/8/82/Melkor_by_formenost.jpg/
5cdbdecb6dc0baeae48cfa8e;https://static.wikia.nocookie.net/lotr/images/9/95/Morgoth-fights-Fingolfin-Ted-Nasmith.jpg/
5cd99d4bde30eff6ebccfd02;https://static.wikia.nocookie.net/lotr/images/3/3f/Feanor_faces_Gothmog.jpg/
5cd99d4bde30eff6ebccfd02;https://static.wikia.nocookie.net/lotr/images/d/db/Steamey_-_Feanor_with_silmaril.jpg/
5cd99d4bde30eff6ebccfea0;https://static.wikia.nocookie.net/filmopedia/images/6/6b/Gandalf.jpg/revision/latest?cb=20131110123152&path-prefix=pl
5cd99d4bde30eff6ebccfea0;https://v.wpimg.pl/NDQ2MDAyYSUwUDt3bgJsMHMIby0oW2JmJBB3Zm5BfnQpHSlqNgknKTYcPShuS353YAB9dXJOfmlgAXl9dkp7dGkEYmY8
5cd99d4bde30eff6ebccfd0d;https://static.wikia.nocookie.net/lotr/images/6/64/Sam%28Szeloba%29.jpg/revision/latest?cb=20190224152316&path-prefix=pl
5cd99d4bde30eff6ebccfd0d;https://movieguide.b-cdn.net/wp-content/uploads/2019/09/samwise.jpg
